jobName,IGN,level
dk,My2ndDarkKn,270
ab,My2ndAngelic,262
mm,My2ndSniper,260
aran,thanhbinh5,260
shade,My2ndShade,260
bm,My2ndRanger,251
hero,My2ndHero,251
mihile,My2ndMikhail,250
wa,My2ndWA,250
pally,My2ndPaladin,250
khali,My2ndKhali,250
mx,My2ndMoXuan,238
pf,My2ndPF,235
lumi,My2ndLumin,221
evan,thanhbinh6,221
phantom,My3rdPhantom,221
merc,M2AMercedes,221
hy,My2ndHoyoung,220
bw,My2ndBW,220
il,My2ndIL,220
bishop,My2ndBishop,220
fp,My2ndFPMage,220
bucc,My2ndBucc,220
cm,My3rdCannon,220
sair,My2ndCorsair,220
nl,My2ndNL,220
blaster,My2ndBlaster,220
hayato,My2ndHayato,220
lynn,My2ndBT,220
db,My2ndDBlader,220
shad,My2ndShadow,220
cadena,My3rdCadena,220
bam,thanhbinh15,220
mech,My2ndMech,220
kanna,My2ndKanna,220
dw,My2ndDW,219
nw,My2ndNW,219
da,My2ndDA,218
ds,My2ndDS,218
lara,My2ndLara,218
zero,My2ndZero,218
tb,My2ndStriker,218
ark,My2ndArk,218
adele,My2ndAdele,218
kine,My2ndKine,218
kain,My2ndKain,218
illium,My2ndIllium,218
kaiser,My3rdKaiser,218
wh,Wild01Hunter,218
xenon,My2ndXenon,218
